{
    "0.2|1": {
        "alpha": 0.2,
        "max_iter": 1,
        "melhor_solucao": [
            1,
            0,
            1,
            0,
            1,
            0,
            0,
            1,
            0,
            1,
            0,
            0,
            1,
            0,
            1,
            0,
            1,
            0,
            0,
            0
        ],
        "melhor_pontuacao": 95.0,
        "tempo": 0.01566767692565918
    },
    "0.4|1": {
        "alpha": 0.4,
        "max_iter": 1,
        "melhor_solucao": [
            1,
            0,
            1,
            0,
            1,
            0,
            0,
            0,
            0,
            1,
            0,
            0,
            1,
            0,
            1,
            0,
            1,
            0,
            1,
            0
        ],
        "melhor_pontuacao": 98.0,
        "tempo": 0.019184112548828125
    },
    "0.6|1": {
        "alpha": 0.6,
        "max_iter": 1,
        "melhor_solucao": [
            1,
            0,
            1,
            0,
            1,
            0,
            0,
            0,
            0,
            1,
            0,
            0,
            1,
            0,
            1,
            0,
            1,
            0,
            1,
            0
        ],
        "melhor_pontuacao": 98.0,
        "tempo": 0.010290145874023438
    },
    "0.8|1": {
        "alpha": 0.8,
        "max_iter": 1,
        "melhor_solucao": [
            1,
            0,
            1,
            0,
            1,
            0,
            0,
            0,
            0,
            1,
            0,
            0,
            1,
            0,
            1,
            0,
            1,
            0,
            1,
            0
        ],
        "melhor_pontuacao": 98.0,
        "tempo": 0.010763168334960938
    },
    "1|1": {
        "alpha": 1,
        "max_iter": 1,
        "melhor_solucao": [
            1,
            0,
            1,
            0,
            1,
            0,
            0,
            1,
            0,
            1,
            0,
            0,
            1,
            0,
            1,
            0,
            1,
            0,
            1,
            0
        ],
        "melhor_pontuacao": 104.0,
        "tempo": 0.0133209228515625
    }
}