{"0.2|1": {"alpha": 0.2, "max_iter": 1, "melhor_solucao": [0, 1, 0, 1, 0, 0, 0, 1, 0, 1, 0, 1, 0, 0, 0, 1, 0, 0, 0, 1, 0, 0, 1, 0, 1, 0, 0, 0, 1, 0, 0, 1, 0, 0, 1, 0, 1, 0, 0, 0], "melhor_pontuacao": 184.0, "tempo": 0.05211901664733887}, "0.6|1": {"alpha": 0.6, "max_iter": 1, "melhor_solucao": [0, 1, 0, 0, 1, 0, 0, 1, 0, 1, 0, 0, 0, 0, 0, 1, 0, 0, 1, 0, 0, 0, 1, 0, 1, 0, 0, 1, 0, 1, 0, 1, 0, 0, 1, 0, 1, 0, 0, 0], "melhor_pontuacao": 199.0, "tempo": 0.2331075668334961}, "0.4|1": {"alpha": 0.4, "max_iter": 1, "melhor_solucao": [0, 1, 0, 0, 1, 0, 0, 1, 0, 1, 0, 1, 0, 0, 1, 0, 0, 0, 1, 0, 0, 0, 1, 0, 1, 0, 0, 0, 0, 1, 0, 1, 0, 0, 1, 0, 1, 0, 0, 0], "melhor_pontuacao": 198.0, "tempo": 0.10801100730895996}, "1|1": {"alpha": 1, "max_iter": 1, "melhor_solucao": [0, 1, 0, 1, 0, 0, 1, 0, 1, 0, 0, 0, 0, 0, 1, 0, 0, 0, 1, 0, 1, 0, 1, 0, 1, 0, 0, 0, 0, 1, 0, 1, 0, 0, 0, 0, 1, 0, 0, 0], "melhor_pontuacao": 186.0, "tempo": 0.3518695831298828}, "0.8|1": {"alpha": 0.8, "max_iter": 1, "melhor_solucao": [0, 1, 0, 1, 0, 0, 1, 0, 1, 0, 0, 0, 1, 0, 1, 0, 0, 0, 1, 0, 0, 0, 1, 0, 1, 0, 0, 0, 0, 0, 0, 1, 0, 0, 0, 0, 1, 0, 0, 0], "melhor_pontuacao": 171.0, "tempo": 0.16024160385131836}}