{"0.2|1": {"alpha": 0.2, "max_iter": 1, "melhor_solucao": [0, 0, 1, 0, 1, 1, 0, 0, 0, 0, 0, 1, 0, 1, 1, 1, 1, 0, 0, 1], "melhor_pontuacao": 118.0, "tempo": 0.0018391609191894531}, "0.4|1": {"alpha": 0.4, "max_iter": 1, "melhor_solucao": [1, 1, 1, 0, 1, 0, 0, 1, 1, 1, 0, 0, 1, 1, 1, 0, 1, 1, 1, 0], "melhor_pontuacao": 132.0, "tempo": 0.006396770477294922}, "0.6|1": {"alpha": 0.6, "max_iter": 1, "melhor_solucao": [0, 0, 1, 1, 1, 0, 0, 0, 0, 1, 0, 1, 1, 1, 1, 1, 1, 0, 0, 1], "melhor_pontuacao": 149.0, "tempo": 0.013989925384521484}, "1|1": {"alpha": 1, "max_iter": 1, "melhor_solucao": [0, 0, 1, 1, 1, 0, 1, 0, 0, 0, 0, 1, 1, 1, 1, 1, 1, 0, 1, 0], "melhor_pontuacao": 151.0, "tempo": 0.061337947845458984}, "0.8|1": {"alpha": 0.8, "max_iter": 1, "melhor_solucao": [0, 0, 1, 1, 1, 0, 1, 0, 0, 0, 0, 1, 1, 1, 1, 1, 1, 0, 0, 0], "melhor_pontuacao": 150.0, "tempo": 0.052870988845825195}, "0.2|10": {"alpha": 0.2, "max_iter": 10, "melhor_solucao": [0, 0, 1, 1, 1, 0, 1, 0, 0, 0, 0, 1, 1, 1, 1, 1, 1, 0, 1, 0], "melhor_pontuacao": 151.0, "tempo": 0.22538518905639648}, "0.4|10": {"alpha": 0.4, "max_iter": 10, "melhor_solucao": [0, 0, 1, 1, 1, 0, 1, 0, 0, 0, 0, 1, 1, 1, 1, 1, 1, 0, 1, 0], "melhor_pontuacao": 151.0, "tempo": 0.6140027046203613}, "0.2|50": {"alpha": 0.2, "max_iter": 50, "melhor_solucao": [0, 0, 1, 1, 1, 0, 1, 0, 0, 0, 0, 1, 1, 1, 1, 1, 1, 0, 1, 0], "melhor_pontuacao": 151.0, "tempo": 1.3712985515594482}, "0.8|10": {"alpha": 0.8, "max_iter": 10, "melhor_solucao": [0, 0, 1, 1, 1, 0, 1, 0, 0, 0, 0, 1, 1, 1, 1, 1, 1, 0, 1, 0], "melhor_pontuacao": 151.0, "tempo": 1.8307642936706543}, "0.6|10": {"alpha": 0.6, "max_iter": 10, "melhor_solucao": [0, 0, 1, 1, 1, 0, 1, 0, 0, 0, 0, 1, 1, 1, 1, 1, 1, 0, 1, 0], "melhor_pontuacao": 151.0, "tempo": 1.8262574672698975}, "1|10": {"alpha": 1, "max_iter": 10, "melhor_solucao": [0, 0, 1, 1, 1, 0, 1, 0, 0, 0, 0, 1, 1, 1, 1, 1, 1, 0, 1, 0], "melhor_pontuacao": 151.0, "tempo": 1.693143367767334}, "0.2|100": {"alpha": 0.2, "max_iter": 100, "melhor_solucao": [0, 0, 1, 1, 1, 0, 1, 0, 0, 0, 0, 1, 1, 1, 1, 1, 1, 0, 1, 0], "melhor_pontuacao": 151.0, "tempo": 3.2723758220672607}, "0.4|50": {"alpha": 0.4, "max_iter": 50, "melhor_solucao": [0, 0, 1, 1, 1, 0, 1, 0, 0, 0, 0, 1, 1, 1, 1, 1, 1, 0, 1, 0], "melhor_pontuacao": 151.0, "tempo": 3.9293432235717773}, "0.6|50": {"alpha": 0.6, "max_iter": 50, "melhor_solucao": [0, 0, 1, 1, 1, 0, 1, 0, 0, 0, 0, 1, 1, 1, 1, 1, 1, 0, 1, 0], "melhor_pontuacao": 151.0, "tempo": 4.315062522888184}, "0.8|100": {"alpha": 0.8, "max_iter": 100, "melhor_solucao": [0, 0, 1, 1, 1, 0, 1, 0, 0, 0, 0, 1, 1, 1, 1, 1, 1, 0, 1, 0], "melhor_pontuacao": 151.0, "tempo": 4.914004564285278}, "1|50": {"alpha": 1, "max_iter": 50, "melhor_solucao": [0, 0, 1, 1, 1, 0, 1, 0, 0, 0, 0, 1, 1, 1, 1, 1, 1, 0, 1, 0], "melhor_pontuacao": 151.0, "tempo": 4.89886999130249}, "0.4|100": {"alpha": 0.4, "max_iter": 100, "melhor_solucao": [0, 0, 1, 1, 1, 0, 1, 0, 0, 0, 0, 1, 1, 1, 1, 1, 1, 0, 1, 0], "melhor_pontuacao": 151.0, "tempo": 4.65255069732666}, "0.8|50": {"alpha": 0.8, "max_iter": 50, "melhor_solucao": [0, 0, 1, 1, 1, 0, 1, 0, 0, 0, 0, 1, 1, 1, 1, 1, 1, 0, 1, 0], "melhor_pontuacao": 151.0, "tempo": 6.156392574310303}, "0.6|100": {"alpha": 0.6, "max_iter": 100, "melhor_solucao": [0, 0, 1, 1, 1, 0, 1, 0, 0, 0, 0, 1, 1, 1, 1, 1, 1, 0, 1, 0], "melhor_pontuacao": 151.0, "tempo": 6.1703784465789795}, "1|100": {"alpha": 1, "max_iter": 100, "melhor_solucao": [0, 0, 1, 1, 1, 0, 1, 0, 0, 0, 0, 1, 1, 1, 1, 1, 1, 0, 1, 0], "melhor_pontuacao": 151.0, "tempo": 6.210300922393799}}