{
    "0.2|1": {
        "alpha": 0.2,
        "max_iter": 1,
        "melhor_solucao": [
            0,
            1,
            0,
            1,
            0,
            0,
            0,
            1,
            0,
            1,
            0,
            0,
            1,
            0,
            0,
            1,
            0,
            0,
            0,
            1,
            0,
            0,
            1,
            0,
            1,
            0,
            0,
            0,
            1,
            0,
            0,
            1,
            0,
            0,
            1,
            0,
            1,
            0,
            0,
            0
        ],
        "melhor_pontuacao": 190.0,
        "tempo": 0.12321853637695312
    },
    "0.6|1": {
        "alpha": 0.6,
        "max_iter": 1,
        "melhor_solucao": [
            0,
            1,
            0,
            0,
            1,
            0,
            0,
            1,
            0,
            1,
            0,
            1,
            0,
            0,
            0,
            1,
            0,
            0,
            1,
            0,
            0,
            0,
            1,
            0,
            1,
            0,
            0,
            1,
            0,
            1,
            0,
            0,
            1,
            0,
            1,
            0,
            1,
            0,
            0,
            0
        ],
        "melhor_pontuacao": 204.0,
        "tempo": 0.40489697456359863
    },
    "0.4|1": {
        "alpha": 0.4,
        "max_iter": 1,
        "melhor_solucao": [
            0,
            1,
            0,
            0,
            1,
            0,
            0,
            1,
            0,
            1,
            0,
            1,
            0,
            0,
            1,
            0,
            0,
            0,
            1,
            0,
            0,
            0,
            1,
            0,
            1,
            0,
            0,
            0,
            0,
            1,
            0,
            1,
            0,
            0,
            1,
            0,
            1,
            0,
            0,
            0
        ],
        "melhor_pontuacao": 198.0,
        "tempo": 0.2752976417541504
    },
    "0.8|1": {
        "alpha": 0.8,
        "max_iter": 1,
        "melhor_solucao": [
            0,
            1,
            0,
            1,
            0,
            0,
            1,
            0,
            1,
            0,
            0,
            0,
            0,
            0,
            1,
            0,
            0,
            0,
            1,
            0,
            1,
            0,
            1,
            0,
            1,
            0,
            0,
            1,
            0,
            1,
            0,
            1,
            0,
            0,
            0,
            0,
            1,
            0,
            0,
            0
        ],
        "melhor_pontuacao": 185.0,
        "tempo": 0.36707162857055664
    },
    "1|1": {
        "alpha": 1,
        "max_iter": 1,
        "melhor_solucao": [
            0,
            1,
            0,
            0,
            1,
            0,
            1,
            0,
            1,
            0,
            0,
            0,
            0,
            0,
            1,
            0,
            0,
            0,
            1,
            0,
            1,
            0,
            1,
            0,
            1,
            0,
            0,
            0,
            0,
            1,
            0,
            1,
            0,
            0,
            0,
            0,
            1,
            0,
            0,
            0
        ],
        "melhor_pontuacao": 192.0,
        "tempo": 0.16773390769958496
    }
}