{"0.4|1": {"alpha": 0.4, "max_iter": 1, "melhor_solucao": [0, 1, 0, 1, 0, 0, 0, 1, 0, 1, 0, 0, 1, 0, 0, 1, 0, 0, 0, 1, 0, 0, 1, 0, 1, 0, 0, 0, 1, 0, 0, 1, 0, 0, 1, 0, 1, 0, 0, 0], "melhor_pontuacao": 190.0, "tempo": 0.13489437103271484}, "0.2|1": {"alpha": 0.2, "max_iter": 1, "melhor_solucao": [1, 0, 0, 0, 1, 0, 1, 0, 0, 1, 0, 1, 0, 0, 0, 1, 0, 0, 1, 0, 1, 0, 1, 0, 1, 0, 0, 1, 0, 1, 0, 0, 1, 0, 1, 0, 1, 0, 0, 0], "melhor_pontuacao": 220.0, "tempo": 0.4238097667694092}, "0.6|1": {"alpha": 0.6, "max_iter": 1, "melhor_solucao": [0, 1, 0, 0, 1, 0, 0, 1, 0, 0, 1, 0, 1, 0, 0, 1, 0, 0, 0, 1, 0, 1, 0, 0, 1, 0, 0, 0, 1, 0, 0, 0, 1, 0, 1, 0, 0, 1, 0, 0], "melhor_pontuacao": 195.0, "tempo": 0.34090733528137207}, "0.8|1": {"alpha": 0.8, "max_iter": 1, "melhor_solucao": [0, 1, 0, 1, 0, 0, 1, 0, 1, 0, 0, 0, 0, 0, 1, 0, 0, 0, 1, 0, 1, 0, 1, 0, 1, 0, 0, 1, 0, 1, 0, 1, 0, 0, 0, 0, 1, 0, 0, 0], "melhor_pontuacao": 185.0, "tempo": 0.5418469905853271}, "1|1": {"alpha": 1, "max_iter": 1, "melhor_solucao": [0, 1, 0, 0, 1, 0, 1, 0, 1, 0, 0, 0, 0, 0, 1, 0, 0, 0, 1, 0, 1, 0, 1, 0, 1, 0, 0, 0, 0, 1, 0, 1, 0, 0, 0, 0, 1, 0, 0, 0], "melhor_pontuacao": 192.0, "tempo": 0.521869421005249}, "0.2|10": {"alpha": 0.2, "max_iter": 10, "melhor_solucao": [1, 0, 1, 0, 1, 0, 0, 1, 0, 1, 0, 1, 0, 0, 0, 1, 0, 0, 1, 0, 0, 0, 1, 0, 1, 0, 0, 1, 0, 1, 0, 0, 1, 0, 1, 0, 1, 0, 0, 0], "melhor_pontuacao": 215.0, "tempo": 4.738829612731934}, "0.4|10": {"alpha": 0.4, "max_iter": 10, "melhor_solucao": [0, 1, 0, 1, 0, 0, 0, 1, 0, 1, 0, 1, 0, 1, 0, 1, 0, 0, 0, 1, 0, 0, 1, 0, 1, 0, 0, 0, 1, 0, 0, 0, 1, 0, 1, 0, 1, 0, 1, 0], "melhor_pontuacao": 201.0, "tempo": 7.678845643997192}, "1|10": {"alpha": 1, "max_iter": 10, "melhor_solucao": [0, 1, 0, 0, 1, 0, 0, 1, 0, 0, 1, 0, 1, 0, 0, 1, 0, 0, 0, 1, 0, 1, 0, 0, 1, 0, 0, 0, 1, 0, 0, 1, 0, 0, 1, 0, 0, 1, 0, 0], "melhor_pontuacao": 195.0, "tempo": 8.97343921661377}, "0.6|10": {"alpha": 0.6, "max_iter": 10, "melhor_solucao": [1, 0, 1, 0, 1, 0, 0, 0, 0, 1, 0, 1, 0, 0, 1, 0, 0, 0, 1, 0, 0, 1, 0, 1, 0, 1, 0, 0, 0, 1, 0, 0, 1, 0, 1, 0, 1, 0, 0, 0], "melhor_pontuacao": 211.0, "tempo": 11.209479808807373}, "0.8|10": {"alpha": 0.8, "max_iter": 10, "melhor_solucao": [0, 1, 0, 0, 1, 0, 0, 1, 0, 0, 1, 0, 1, 0, 0, 1, 0, 0, 0, 1, 0, 1, 0, 0, 1, 0, 0, 0, 1, 0, 0, 1, 0, 0, 1, 0, 0, 1, 0, 0], "melhor_pontuacao": 195.0, "tempo": 14.995910882949829}, "0.2|50": {"alpha": 0.2, "max_iter": 50, "melhor_solucao": [1, 0, 1, 0, 1, 0, 0, 1, 0, 1, 0, 1, 0, 1, 0, 1, 0, 1, 0, 1, 0, 1, 0, 1, 0, 1, 0, 0, 1, 0, 0, 0, 1, 0, 1, 0, 1, 0, 1, 0], "melhor_pontuacao": 238.0, "tempo": 35.56473398208618}, "0.4|50": {"alpha": 0.4, "max_iter": 50, "melhor_solucao": [1, 0, 1, 0, 1, 0, 0, 1, 0, 1, 0, 1, 0, 0, 1, 0, 0, 1, 0, 1, 0, 1, 0, 1, 0, 1, 0, 0, 0, 1, 0, 0, 1, 0, 1, 0, 1, 0, 0, 0], "melhor_pontuacao": 228.0, "tempo": 45.57632112503052}, "0.6|50": {"alpha": 0.6, "max_iter": 50, "melhor_solucao": [1, 0, 0, 0, 1, 0, 1, 0, 0, 1, 0, 1, 0, 0, 0, 1, 0, 1, 0, 0, 1, 0, 1, 0, 1, 0, 0, 1, 0, 1, 0, 0, 1, 0, 1, 0, 1, 0, 0, 0], "melhor_pontuacao": 215.0, "tempo": 46.29333138465881}, "0.2|100": {"alpha": 0.2, "max_iter": 100, "melhor_solucao": [1, 0, 1, 0, 1, 0, 0, 1, 0, 1, 0, 1, 0, 0, 0, 1, 0, 0, 1, 0, 0, 1, 0, 0, 1, 0, 0, 1, 0, 1, 0, 0, 1, 0, 1, 0, 1, 0, 0, 0], "melhor_pontuacao": 251.0, "tempo": 53.202327489852905}, "0.8|50": {"alpha": 0.8, "max_iter": 50, "melhor_solucao": [1, 0, 1, 0, 1, 0, 0, 0, 0, 1, 0, 1, 0, 0, 1, 0, 0, 0, 1, 0, 0, 1, 0, 1, 0, 0, 1, 0, 0, 1, 0, 0, 1, 0, 1, 0, 1, 0, 0, 0], "melhor_pontuacao": 229.0, "tempo": 56.53639054298401}, "0.4|100": {"alpha": 0.4, "max_iter": 100, "melhor_solucao": [0, 1, 0, 0, 1, 0, 0, 1, 0, 1, 0, 1, 0, 0, 1, 0, 0, 1, 0, 1, 0, 1, 0, 1, 0, 1, 0, 0, 1, 0, 0, 0, 1, 0, 1, 0, 0, 1, 0, 0], "melhor_pontuacao": 223.0, "tempo": 58.339818716049194}, "1|50": {"alpha": 1, "max_iter": 50, "melhor_solucao": [0, 1, 0, 0, 1, 0, 0, 1, 0, 0, 1, 0, 1, 0, 0, 1, 0, 0, 0, 1, 0, 1, 0, 0, 1, 0, 0, 0, 1, 0, 0, 1, 0, 0, 1, 0, 0, 1, 0, 0], "melhor_pontuacao": 195.0, "tempo": 60.857691526412964}, "1|100": {"alpha": 1, "max_iter": 100, "melhor_solucao": [0, 1, 0, 0, 1, 0, 0, 1, 0, 0, 1, 0, 1, 0, 0, 1, 0, 0, 0, 1, 0, 1, 0, 0, 1, 0, 0, 0, 1, 0, 0, 1, 0, 0, 1, 0, 0, 1, 0, 0], "melhor_pontuacao": 195.0, "tempo": 71.18527483940125}, "0.6|100": {"alpha": 0.6, "max_iter": 100, "melhor_solucao": [0, 1, 0, 0, 1, 0, 0, 1, 0, 1, 0, 1, 0, 0, 1, 0, 0, 1, 0, 1, 0, 1, 0, 1, 0, 1, 0, 0, 1, 0, 0, 0, 1, 0, 1, 0, 0, 1, 0, 0], "melhor_pontuacao": 223.0, "tempo": 78.09706902503967}, "0.8|100": {"alpha": 0.8, "max_iter": 100, "melhor_solucao": [0, 1, 0, 0, 1, 0, 0, 1, 0, 1, 0, 1, 0, 0, 1, 0, 0, 1, 0, 1, 0, 1, 0, 1, 0, 1, 0, 0, 1, 0, 0, 0, 1, 0, 1, 0, 0, 1, 0, 0], "melhor_pontuacao": 223.0, "tempo": 74.9754364490509}}