{"0.2|1": {"alpha": 0.2, "max_iter": 1, "melhor_solucao": [0, 0, 1, 1, 1, 0, 0, 0, 0, 0, 0, 1, 0, 1, 1, 1, 1, 0, 0, 1], "melhor_pontuacao": 139.0, "tempo": 0.002763509750366211}, "0.4|1": {"alpha": 0.4, "max_iter": 1, "melhor_solucao": [1, 1, 0, 0, 1, 1, 1, 0, 0, 1, 0, 1, 1, 1, 1, 0, 0, 0, 1, 0], "melhor_pontuacao": 100.0, "tempo": 0.0023839473724365234}, "1|1": {"alpha": 1, "max_iter": 1, "melhor_solucao": [1, 0, 1, 1, 1, 0, 0, 0, 0, 1, 0, 1, 0, 1, 1, 1, 1, 0, 0, 1], "melhor_pontuacao": 130.0, "tempo": 0.017212629318237305}, "0.8|1": {"alpha": 0.8, "max_iter": 1, "melhor_solucao": [1, 1, 0, 0, 1, 0, 0, 1, 1, 1, 0, 1, 1, 1, 1, 0, 1, 1, 1, 0], "melhor_pontuacao": 104.0, "tempo": 0.06123924255371094}, "0.6|1": {"alpha": 0.6, "max_iter": 1, "melhor_solucao": [0, 1, 0, 0, 1, 1, 1, 0, 0, 1, 0, 1, 0, 1, 1, 1, 0, 0, 0, 1], "melhor_pontuacao": 90.0, "tempo": 0.056232452392578125}, "0.2|500": {"alpha": 0.2, "max_iter": 500, "melhor_solucao": [0, 0, 1, 1, 1, 0, 1, 0, 0, 0, 0, 1, 1, 1, 1, 1, 1, 0, 1, 0], "melhor_pontuacao": 151.0, "tempo": 10.141618967056274}, "0.4|500": {"alpha": 0.4, "max_iter": 500, "melhor_solucao": [0, 0, 1, 1, 1, 0, 1, 0, 0, 0, 0, 1, 1, 1, 1, 1, 1, 0, 1, 0], "melhor_pontuacao": 151.0, "tempo": 10.75847315788269}, "0.2|1000": {"alpha": 0.2, "max_iter": 1000, "melhor_solucao": [0, 0, 1, 1, 1, 0, 1, 0, 0, 0, 0, 1, 1, 1, 1, 1, 1, 0, 1, 0], "melhor_pontuacao": 151.0, "tempo": 14.460453271865845}, "0.6|500": {"alpha": 0.6, "max_iter": 500, "melhor_solucao": [0, 0, 1, 1, 1, 0, 1, 0, 0, 0, 0, 1, 1, 1, 1, 1, 1, 0, 1, 0], "melhor_pontuacao": 151.0, "tempo": 21.161027193069458}, "0.8|500": {"alpha": 0.8, "max_iter": 500, "melhor_solucao": [0, 0, 1, 1, 1, 0, 1, 0, 0, 0, 0, 1, 1, 1, 1, 1, 1, 0, 1, 0], "melhor_pontuacao": 151.0, "tempo": 21.29377269744873}, "0.4|1000": {"alpha": 0.4, "max_iter": 1000, "melhor_solucao": [0, 0, 1, 1, 1, 0, 1, 0, 0, 0, 0, 1, 1, 1, 1, 1, 1, 0, 1, 0], "melhor_pontuacao": 151.0, "tempo": 28.47003984451294}, "0.6|1000": {"alpha": 0.6, "max_iter": 1000, "melhor_solucao": [0, 0, 1, 1, 1, 0, 1, 0, 0, 0, 0, 1, 1, 1, 1, 1, 1, 0, 1, 0], "melhor_pontuacao": 151.0, "tempo": 29.84341597557068}, "1|500": {"alpha": 1, "max_iter": 500, "melhor_solucao": [0, 0, 1, 1, 1, 0, 1, 0, 0, 0, 0, 1, 1, 1, 1, 1, 1, 0, 1, 0], "melhor_pontuacao": 151.0, "tempo": 32.17314958572388}, "0.8|1000": {"alpha": 0.8, "max_iter": 1000, "melhor_solucao": [0, 0, 1, 1, 1, 0, 1, 0, 0, 0, 0, 1, 1, 1, 1, 1, 1, 0, 1, 0], "melhor_pontuacao": 151.0, "tempo": 34.32506203651428}, "1|1000": {"alpha": 1, "max_iter": 1000, "melhor_solucao": [0, 0, 1, 1, 1, 0, 1, 0, 0, 0, 0, 1, 1, 1, 1, 1, 1, 0, 1, 0], "melhor_pontuacao": 151.0, "tempo": 37.0595440864563}}{"0.2|1": {"alpha": 0.2, "max_iter": 1, "melhor_solucao": [0, 0, 1, 1, 1, 0, 0, 0, 0, 0, 1, 1, 1, 1, 1, 1, 1, 0, 0, 0], "melhor_pontuacao": 138.0, "tempo": 0.0034542083740234375}, "0.6|1": {"alpha": 0.6, "max_iter": 1, "melhor_solucao": [0, 0, 1, 1, 1, 0, 0, 0, 1, 1, 0, 1, 0, 1, 1, 1, 1, 0, 0, 1], "melhor_pontuacao": 142.0, "tempo": 0.020663022994995117}, "0.4|1": {"alpha": 0.4, "max_iter": 1, "melhor_solucao": [0, 0, 1, 0, 1, 0, 0, 1, 0, 1, 0, 1, 0, 1, 1, 1, 1, 0, 0, 1], "melhor_pontuacao": 138.0, "tempo": 0.03621196746826172}, "0.8|1": {"alpha": 0.8, "max_iter": 1, "melhor_solucao": [0, 0, 1, 1, 1, 0, 0, 0, 1, 1, 0, 1, 0, 1, 1, 1, 1, 0, 0, 1], "melhor_pontuacao": 142.0, "tempo": 0.03322649002075195}, "1|1": {"alpha": 1, "max_iter": 1, "melhor_solucao": [0, 0, 1, 1, 1, 0, 0, 0, 1, 1, 0, 1, 0, 1, 1, 1, 1, 0, 0, 1], "melhor_pontuacao": 142.0, "tempo": 0.0281827449798584}}{"0.2|1": {"alpha": 0.2, "max_iter": 1, "melhor_solucao": [0, 0, 1, 1, 1, 0, 0, 0, 0, 0, 1, 1, 1, 1, 1, 1, 1, 0, 0, 0], "melhor_pontuacao": 138.0, "tempo": 0.0034859180450439453}, "0.4|1": {"alpha": 0.4, "max_iter": 1, "melhor_solucao": [0, 0, 1, 0, 1, 0, 0, 1, 0, 1, 0, 1, 0, 1, 1, 1, 1, 0, 0, 1], "melhor_pontuacao": 138.0, "tempo": 0.02247452735900879}, "0.6|1": {"alpha": 0.6, "max_iter": 1, "melhor_solucao": [0, 0, 1, 1, 1, 0, 0, 0, 1, 1, 0, 1, 0, 1, 1, 1, 1, 0, 0, 1], "melhor_pontuacao": 142.0, "tempo": 0.0322113037109375}, "0.8|1": {"alpha": 0.8, "max_iter": 1, "melhor_solucao": [0, 0, 1, 1, 1, 0, 0, 0, 1, 1, 0, 1, 0, 1, 1, 1, 1, 0, 0, 1], "melhor_pontuacao": 142.0, "tempo": 0.016308307647705078}, "1|1": {"alpha": 1, "max_iter": 1, "melhor_solucao": [0, 0, 1, 1, 1, 0, 0, 0, 1, 1, 0, 1, 0, 1, 1, 1, 1, 0, 0, 1], "melhor_pontuacao": 142.0, "tempo": 0.015160799026489258}}{"0.4|1": {"alpha": 0.4, "max_iter": 1, "melhor_solucao": [0, 0, 1, 0, 1, 0, 0, 1, 0, 1, 0, 1, 0, 1, 1, 1, 1, 0, 0, 1], "melhor_pontuacao": 138.0, "tempo": 0.012038469314575195}, "0.2|1": {"alpha": 0.2, "max_iter": 1, "melhor_solucao": [0, 0, 1, 1, 1, 0, 0, 0, 0, 0, 1, 1, 1, 1, 1, 1, 1, 0, 0, 0], "melhor_pontuacao": 138.0, "tempo": 0.026702880859375}, "0.6|1": {"alpha": 0.6, "max_iter": 1, "melhor_solucao": [0, 0, 1, 1, 1, 0, 0, 0, 1, 1, 0, 1, 0, 1, 1, 1, 1, 0, 0, 1], "melhor_pontuacao": 142.0, "tempo": 0.04722857475280762}, "0.8|1": {"alpha": 0.8, "max_iter": 1, "melhor_solucao": [0, 0, 1, 1, 1, 0, 0, 0, 1, 1, 0, 1, 0, 1, 1, 1, 1, 0, 0, 1], "melhor_pontuacao": 142.0, "tempo": 0.027672529220581055}, "1|1": {"alpha": 1, "max_iter": 1, "melhor_solucao": [0, 0, 1, 1, 1, 0, 0, 0, 1, 1, 0, 1, 0, 1, 1, 1, 1, 0, 0, 1], "melhor_pontuacao": 142.0, "tempo": 0.016337156295776367}}{"0.2|1": {"alpha": 0.2, "max_iter": 1, "melhor_solucao": [0, 0, 1, 1, 1, 0, 0, 0, 0, 0, 1, 1, 1, 1, 1, 1, 1, 0, 0, 0], "melhor_pontuacao": 138.0, "tempo": 0.0035867691040039062}, "0.4|1": {"alpha": 0.4, "max_iter": 1, "melhor_solucao": [0, 0, 1, 0, 1, 0, 0, 1, 0, 1, 0, 1, 0, 1, 1, 1, 1, 0, 0, 1], "melhor_pontuacao": 138.0, "tempo": 0.011751413345336914}, "0.6|1": {"alpha": 0.6, "max_iter": 1, "melhor_solucao": [0, 0, 1, 1, 1, 0, 0, 0, 1, 1, 0, 1, 0, 1, 1, 1, 1, 0, 0, 1], "melhor_pontuacao": 142.0, "tempo": 0.023175716400146484}, "0.8|1": {"alpha": 0.8, "max_iter": 1, "melhor_solucao": [0, 0, 1, 1, 1, 0, 0, 0, 1, 1, 0, 1, 0, 1, 1, 1, 1, 0, 0, 1], "melhor_pontuacao": 142.0, "tempo": 0.018587589263916016}, "1|1": {"alpha": 1, "max_iter": 1, "melhor_solucao": [0, 0, 1, 1, 1, 0, 0, 0, 1, 1, 0, 1, 0, 1, 1, 1, 1, 0, 0, 1], "melhor_pontuacao": 142.0, "tempo": 0.018403053283691406}}