{"0.2|1": {"alpha": 0.2, "max_iter": 1, "melhor_solucao": [1, 1, 1, 1, 1, 0, 0, 1, 0, 1, 0, 1, 0, 1, 1, 1, 0, 1, 1, 1, 0, 1, 1, 1, 1, 1, 0, 0, 1, 0, 0, 1, 1, 1, 1, 0, 1, 0, 0, 0], "melhor_pontuacao": 396.0, "tempo": 0.2887139320373535}, "0.4|1": {"alpha": 0.4, "max_iter": 1, "melhor_solucao": [0, 1, 1, 1, 1, 0, 1, 1, 1, 1, 0, 1, 1, 0, 1, 1, 0, 0, 1, 1, 0, 1, 1, 0, 1, 1, 0, 0, 0, 1, 0, 1, 1, 1, 1, 1, 1, 0, 0, 0], "melhor_pontuacao": 381.0, "tempo": 2.5853631496429443}, "0.8|1": {"alpha": 0.8, "max_iter": 1, "melhor_solucao": [1, 1, 1, 1, 1, 0, 0, 1, 0, 1, 0, 1, 0, 0, 1, 1, 0, 1, 1, 1, 0, 1, 1, 1, 1, 1, 1, 0, 1, 0, 0, 1, 1, 1, 1, 0, 1, 0, 0, 0], "melhor_pontuacao": 423.0, "tempo": 1.4029409885406494}, "0.2|10": {"alpha": 0.2, "max_iter": 10, "melhor_solucao": [0, 1, 1, 0, 1, 0, 1, 1, 0, 1, 1, 1, 1, 0, 1, 1, 0, 0, 1, 1, 0, 1, 0, 0, 1, 1, 1, 0, 1, 1, 0, 1, 1, 1, 1, 0, 1, 0, 0, 0], "melhor_pontuacao": 374.0, "tempo": 5.421270370483398}, "0.6|1": {"alpha": 0.6, "max_iter": 1, "melhor_solucao": [1, 1, 1, 1, 1, 0, 0, 1, 0, 1, 0, 1, 1, 0, 1, 1, 0, 1, 1, 1, 0, 1, 1, 1, 1, 1, 1, 0, 1, 0, 0, 1, 1, 1, 1, 0, 1, 0, 0, 0], "melhor_pontuacao": 429.0, "tempo": 5.251742124557495}, "1|1": {"alpha": 1, "max_iter": 1, "melhor_solucao": [1, 1, 1, 1, 1, 0, 0, 1, 0, 1, 0, 1, 1, 0, 1, 1, 0, 1, 1, 1, 0, 1, 1, 1, 1, 1, 1, 0, 1, 0, 0, 1, 1, 1, 1, 0, 1, 0, 0, 0], "melhor_pontuacao": 429.0, "tempo": 5.774523973464966}, "0.4|10": {"alpha": 0.4, "max_iter": 10, "melhor_solucao": [1, 1, 1, 1, 1, 0, 0, 1, 0, 1, 0, 1, 1, 0, 1, 1, 0, 1, 1, 1, 0, 1, 1, 1, 1, 1, 1, 0, 1, 0, 0, 1, 1, 1, 1, 0, 1, 0, 0, 0], "melhor_pontuacao": 429.0, "tempo": 11.959556818008423}, "0.6|10": {"alpha": 0.6, "max_iter": 10, "melhor_solucao": [1, 1, 1, 1, 1, 0, 0, 1, 0, 1, 0, 1, 1, 0, 1, 1, 0, 1, 1, 1, 0, 1, 1, 1, 1, 1, 1, 0, 1, 0, 0, 1, 1, 1, 1, 0, 1, 0, 0, 0], "melhor_pontuacao": 429.0, "tempo": 20.19578766822815}, "0.2|50": {"alpha": 0.2, "max_iter": 50, "melhor_solucao": [1, 1, 1, 1, 1, 0, 0, 1, 0, 1, 0, 1, 1, 0, 1, 1, 0, 1, 1, 1, 0, 1, 1, 1, 1, 1, 1, 0, 1, 0, 0, 1, 1, 1, 1, 0, 1, 0, 0, 0], "melhor_pontuacao": 429.0, "tempo": 20.203569889068604}, "0.8|10": {"alpha": 0.8, "max_iter": 10, "melhor_solucao": [1, 1, 1, 1, 1, 0, 0, 1, 0, 1, 0, 1, 1, 0, 1, 1, 0, 1, 1, 1, 0, 1, 1, 1, 1, 1, 1, 0, 1, 0, 0, 1, 1, 1, 1, 0, 1, 0, 0, 0], "melhor_pontuacao": 429.0, "tempo": 24.55631422996521}, "0.4|50": {"alpha": 0.4, "max_iter": 50, "melhor_solucao": [1, 1, 1, 1, 1, 0, 0, 1, 0, 1, 0, 1, 1, 0, 1, 1, 0, 1, 1, 1, 0, 1, 1, 1, 1, 1, 1, 0, 1, 0, 0, 1, 1, 1, 1, 0, 1, 0, 0, 0], "melhor_pontuacao": 429.0, "tempo": 33.68845319747925}, "0.2|100": {"alpha": 0.2, "max_iter": 100, "melhor_solucao": [0, 1, 1, 1, 1, 0, 0, 1, 0, 1, 0, 1, 1, 0, 1, 1, 0, 1, 1, 1, 0, 1, 1, 1, 1, 0, 0, 0, 1, 1, 0, 1, 1, 1, 1, 0, 1, 0, 0, 0], "melhor_pontuacao": 419.0, "tempo": 40.066428422927856}, "1|10": {"alpha": 1, "max_iter": 10, "melhor_solucao": [1, 1, 1, 1, 1, 0, 0, 1, 0, 1, 0, 1, 1, 0, 1, 1, 0, 1, 1, 1, 0, 1, 1, 1, 1, 1, 1, 0, 1, 0, 0, 1, 1, 1, 1, 0, 1, 0, 0, 0], "melhor_pontuacao": 429.0, "tempo": 37.742666482925415}, "0.6|50": {"alpha": 0.6, "max_iter": 50, "melhor_solucao": [1, 1, 1, 1, 1, 0, 0, 1, 0, 1, 0, 1, 1, 0, 1, 1, 0, 1, 1, 1, 0, 1, 1, 1, 1, 1, 1, 0, 1, 0, 0, 1, 1, 1, 1, 0, 1, 0, 0, 0], "melhor_pontuacao": 429.0, "tempo": 61.50053596496582}, "0.4|100": {"alpha": 0.4, "max_iter": 100, "melhor_solucao": [1, 1, 1, 1, 1, 0, 0, 1, 0, 1, 0, 1, 1, 0, 1, 1, 0, 1, 1, 1, 0, 1, 1, 1, 1, 1, 1, 0, 1, 0, 0, 1, 1, 1, 1, 0, 1, 0, 0, 0], "melhor_pontuacao": 429.0, "tempo": 71.40085172653198}, "0.8|50": {"alpha": 0.8, "max_iter": 50, "melhor_solucao": [1, 1, 1, 1, 1, 0, 0, 1, 0, 1, 0, 1, 1, 0, 1, 1, 0, 1, 1, 1, 0, 1, 1, 1, 1, 1, 1, 0, 1, 0, 0, 1, 1, 1, 1, 0, 1, 0, 0, 0], "melhor_pontuacao": 429.0, "tempo": 79.53366708755493}, "0.6|100": {"alpha": 0.6, "max_iter": 100, "melhor_solucao": [1, 1, 1, 1, 1, 0, 0, 1, 0, 1, 0, 1, 1, 0, 1, 1, 0, 1, 1, 1, 0, 1, 1, 1, 1, 1, 1, 0, 1, 0, 0, 1, 1, 1, 1, 0, 1, 0, 0, 0], "melhor_pontuacao": 429.0, "tempo": 86.01759147644043}, "1|50": {"alpha": 1, "max_iter": 50, "melhor_solucao": [1, 1, 1, 1, 1, 0, 0, 1, 0, 1, 0, 1, 1, 0, 1, 1, 0, 1, 1, 1, 0, 1, 1, 1, 1, 1, 1, 0, 1, 0, 0, 1, 1, 1, 1, 0, 1, 0, 0, 0], "melhor_pontuacao": 429.0, "tempo": 87.95984172821045}, "0.8|100": {"alpha": 0.8, "max_iter": 100, "melhor_solucao": [1, 1, 1, 1, 1, 0, 0, 1, 0, 1, 0, 1, 1, 0, 1, 1, 0, 1, 1, 1, 0, 1, 1, 1, 1, 1, 1, 0, 1, 0, 0, 1, 1, 1, 1, 0, 1, 0, 0, 0], "melhor_pontuacao": 429.0, "tempo": 111.4267909526825}, "1|100": {"alpha": 1, "max_iter": 100, "melhor_solucao": [1, 1, 1, 1, 1, 0, 0, 1, 0, 1, 0, 1, 1, 0, 1, 1, 0, 1, 1, 1, 0, 1, 1, 1, 1, 1, 1, 0, 1, 0, 0, 1, 1, 1, 1, 0, 1, 0, 0, 0], "melhor_pontuacao": 429.0, "tempo": 111.48782873153687}}