{"0.2|1": {"alpha": 0.2, "max_iter": 1, "melhor_solucao": [1, 1, 1, 1, 1, 0, 0, 1, 0, 1, 0, 1, 1, 0, 1, 1, 0, 1, 1, 1, 0, 1, 1, 1, 1, 1, 0, 0, 1, 0, 0, 1, 1, 1, 1, 0, 1, 0, 0, 0], "melhor_pontuacao": 420.0, "tempo": 0.09382414817810059}, "0.8|1": {"alpha": 0.8, "max_iter": 1, "melhor_solucao": [1, 1, 1, 1, 1, 0, 0, 1, 0, 1, 0, 1, 1, 0, 1, 1, 0, 1, 1, 1, 0, 1, 1, 1, 1, 1, 1, 0, 1, 0, 0, 1, 1, 1, 1, 0, 1, 0, 0, 0], "melhor_pontuacao": 429.0, "tempo": 0.4311656951904297}, "0.4|1": {"alpha": 0.4, "max_iter": 1, "melhor_solucao": [0, 1, 1, 1, 1, 0, 0, 1, 0, 1, 0, 1, 1, 0, 1, 1, 0, 1, 1, 1, 0, 1, 1, 1, 1, 0, 0, 0, 1, 1, 0, 1, 1, 1, 1, 0, 1, 0, 0, 0], "melhor_pontuacao": 419.0, "tempo": 0.21923160552978516}, "0.6|1": {"alpha": 0.6, "max_iter": 1, "melhor_solucao": [1, 1, 1, 1, 1, 0, 0, 1, 0, 1, 0, 1, 1, 0, 1, 1, 0, 1, 1, 1, 0, 1, 1, 1, 1, 1, 1, 0, 1, 0, 0, 1, 1, 1, 1, 0, 1, 0, 0, 0], "melhor_pontuacao": 429.0, "tempo": 0.2831733226776123}, "1|1": {"alpha": 1, "max_iter": 1, "melhor_solucao": [1, 1, 1, 1, 1, 0, 0, 1, 0, 1, 0, 1, 1, 0, 1, 1, 0, 1, 1, 1, 0, 1, 1, 1, 1, 1, 1, 0, 1, 0, 0, 1, 1, 1, 1, 0, 1, 0, 0, 0], "melhor_pontuacao": 429.0, "tempo": 0.8012881278991699}}