{"0.4|1": {"alpha": 0.4, "max_iter": 1, "melhor_solucao": [0, 1, 1, 1, 1, 0, 0, 1, 0, 1, 0, 1, 1, 0, 1, 1, 0, 1, 1, 1, 0, 1, 1, 1, 1, 0, 0, 0, 1, 1, 0, 1, 1, 1, 1, 0, 1, 0, 0, 0], "melhor_pontuacao": 419.0, "tempo": 0.5782430171966553}, "0.2|1": {"alpha": 0.2, "max_iter": 1, "melhor_solucao": [1, 1, 1, 1, 1, 0, 0, 1, 0, 1, 0, 1, 1, 0, 1, 1, 0, 1, 1, 1, 0, 1, 1, 1, 1, 1, 1, 0, 0, 0, 0, 1, 1, 1, 1, 0, 1, 0, 0, 0], "melhor_pontuacao": 426.0, "tempo": 1.163414478302002}, "0.6|1": {"alpha": 0.6, "max_iter": 1, "melhor_solucao": [1, 1, 1, 1, 1, 0, 0, 1, 0, 1, 0, 1, 0, 0, 1, 1, 0, 1, 1, 1, 0, 1, 1, 1, 1, 1, 1, 0, 1, 0, 0, 1, 1, 1, 1, 0, 1, 0, 0, 0], "melhor_pontuacao": 423.0, "tempo": 1.3122475147247314}, "0.8|1": {"alpha": 0.8, "max_iter": 1, "melhor_solucao": [1, 1, 1, 1, 1, 0, 0, 1, 0, 1, 0, 1, 0, 0, 1, 1, 0, 1, 1, 1, 0, 1, 1, 1, 1, 1, 1, 0, 1, 0, 0, 1, 1, 1, 1, 0, 1, 0, 0, 0], "melhor_pontuacao": 423.0, "tempo": 1.0678174495697021}, "1|1": {"alpha": 1, "max_iter": 1, "melhor_solucao": [1, 1, 1, 1, 1, 0, 0, 1, 0, 1, 0, 1, 0, 0, 1, 1, 0, 1, 1, 1, 0, 1, 1, 1, 1, 1, 1, 0, 1, 0, 0, 1, 1, 1, 1, 0, 1, 0, 0, 0], "melhor_pontuacao": 423.0, "tempo": 0.8609328269958496}}