{"0.2|1": {"alpha": 0.2, "max_iter": 1, "melhor_solucao": [1, 0, 1, 0, 1, 0, 0, 1, 0, 1, 0, 1, 1, 1, 1, 1, 1, 0, 0, 0], "melhor_pontuacao": 141.0, "tempo": 0.042616844177246094}, "0.4|1": {"alpha": 0.4, "max_iter": 1, "melhor_solucao": [1, 0, 1, 0, 1, 0, 0, 1, 0, 1, 0, 1, 1, 1, 1, 1, 1, 0, 0, 0], "melhor_pontuacao": 141.0, "tempo": 0.05895829200744629}, "0.8|1": {"alpha": 0.8, "max_iter": 1, "melhor_solucao": [0, 0, 1, 1, 1, 0, 1, 0, 0, 0, 0, 1, 1, 1, 1, 1, 1, 0, 1, 0], "melhor_pontuacao": 151.0, "tempo": 0.047197580337524414}, "0.6|1": {"alpha": 0.6, "max_iter": 1, "melhor_solucao": [0, 0, 1, 1, 1, 0, 1, 0, 0, 0, 0, 1, 1, 1, 1, 1, 1, 0, 1, 0], "melhor_pontuacao": 151.0, "tempo": 0.0996248722076416}, "1|1": {"alpha": 1, "max_iter": 1, "melhor_solucao": [0, 0, 1, 1, 1, 0, 1, 0, 0, 0, 0, 1, 1, 1, 1, 1, 1, 0, 1, 0], "melhor_pontuacao": 151.0, "tempo": 0.03701519966125488}}