{"0.2|1": {"alpha": 0.2, "max_iter": 1, "melhor_solucao": [0, 0, 1, 1, 1, 0, 1, 0, 0, 0, 0, 1, 1, 1, 1, 1, 1, 0, 0, 0], "melhor_pontuacao": 150.0, "tempo": 0.04961109161376953}, "0.4|1": {"alpha": 0.4, "max_iter": 1, "melhor_solucao": [1, 0, 1, 0, 1, 0, 0, 1, 0, 1, 0, 1, 1, 1, 1, 1, 1, 0, 0, 0], "melhor_pontuacao": 141.0, "tempo": 0.04102325439453125}, "0.6|1": {"alpha": 0.6, "max_iter": 1, "melhor_solucao": [1, 1, 1, 1, 1, 0, 0, 0, 1, 1, 0, 0, 1, 1, 1, 0, 1, 0, 1, 0], "melhor_pontuacao": 127.0, "tempo": 0.024138212203979492}, "0.2|10": {"alpha": 0.2, "max_iter": 10, "melhor_solucao": [0, 0, 1, 1, 1, 0, 1, 0, 0, 0, 0, 1, 1, 1, 1, 1, 1, 0, 1, 0], "melhor_pontuacao": 151.0, "tempo": 0.2591392993927002}, "0.8|1": {"alpha": 0.8, "max_iter": 1, "melhor_solucao": [0, 0, 1, 1, 1, 0, 1, 0, 0, 0, 0, 1, 1, 1, 1, 1, 1, 0, 1, 0], "melhor_pontuacao": 151.0, "tempo": 0.2694070339202881}, "0.4|10": {"alpha": 0.4, "max_iter": 10, "melhor_solucao": [0, 0, 1, 1, 1, 0, 1, 0, 0, 0, 0, 1, 1, 1, 1, 1, 1, 0, 1, 0], "melhor_pontuacao": 151.0, "tempo": 0.27823495864868164}, "1|1": {"alpha": 1, "max_iter": 1, "melhor_solucao": [0, 0, 1, 1, 1, 0, 1, 0, 0, 0, 0, 1, 1, 1, 1, 1, 1, 0, 1, 0], "melhor_pontuacao": 151.0, "tempo": 0.02723550796508789}, "0.6|10": {"alpha": 0.6, "max_iter": 10, "melhor_solucao": [0, 0, 1, 1, 1, 0, 1, 0, 0, 0, 0, 1, 1, 1, 1, 1, 1, 0, 1, 0], "melhor_pontuacao": 151.0, "tempo": 0.32853245735168457}, "0.8|10": {"alpha": 0.8, "max_iter": 10, "melhor_solucao": [0, 0, 1, 1, 1, 0, 1, 0, 0, 0, 0, 1, 1, 1, 1, 1, 1, 0, 1, 0], "melhor_pontuacao": 151.0, "tempo": 0.4145660400390625}, "1|10": {"alpha": 1, "max_iter": 10, "melhor_solucao": [0, 0, 1, 1, 1, 0, 1, 0, 0, 0, 0, 1, 1, 1, 1, 1, 1, 0, 1, 0], "melhor_pontuacao": 151.0, "tempo": 6.270410537719727}, "0.2|50": {"alpha": 0.2, "max_iter": 50, "melhor_solucao": [0, 0, 1, 1, 1, 0, 1, 0, 0, 0, 0, 1, 1, 1, 1, 1, 1, 0, 1, 0], "melhor_pontuacao": 151.0, "tempo": 6.571735143661499}, "0.6|50": {"alpha": 0.6, "max_iter": 50, "melhor_solucao": [0, 0, 1, 1, 1, 0, 1, 0, 0, 0, 0, 1, 1, 1, 1, 1, 1, 0, 1, 0], "melhor_pontuacao": 151.0, "tempo": 5.6736791133880615}, "0.4|50": {"alpha": 0.4, "max_iter": 50, "melhor_solucao": [0, 0, 1, 1, 1, 0, 1, 0, 0, 0, 0, 1, 1, 1, 1, 1, 1, 0, 1, 0], "melhor_pontuacao": 151.0, "tempo": 4.113057613372803}, "0.8|50": {"alpha": 0.8, "max_iter": 50, "melhor_solucao": [0, 0, 1, 1, 1, 0, 1, 0, 0, 0, 0, 1, 1, 1, 1, 1, 1, 0, 1, 0], "melhor_pontuacao": 151.0, "tempo": 8.573517322540283}, "0.2|100": {"alpha": 0.2, "max_iter": 100, "melhor_solucao": [0, 0, 1, 1, 1, 0, 1, 0, 0, 0, 0, 1, 1, 1, 1, 1, 1, 0, 1, 0], "melhor_pontuacao": 151.0, "tempo": 9.987425088882446}, "0.4|100": {"alpha": 0.4, "max_iter": 100, "melhor_solucao": [0, 0, 1, 1, 1, 0, 1, 0, 0, 0, 0, 1, 1, 1, 1, 1, 1, 0, 1, 0], "melhor_pontuacao": 151.0, "tempo": 10.842809200286865}, "1|50": {"alpha": 1, "max_iter": 50, "melhor_solucao": [0, 0, 1, 1, 1, 0, 1, 0, 0, 0, 0, 1, 1, 1, 1, 1, 1, 0, 1, 0], "melhor_pontuacao": 151.0, "tempo": 9.954317569732666}, "0.6|100": {"alpha": 0.6, "max_iter": 100, "melhor_solucao": [0, 0, 1, 1, 1, 0, 1, 0, 0, 0, 0, 1, 1, 1, 1, 1, 1, 0, 1, 0], "melhor_pontuacao": 151.0, "tempo": 10.733731031417847}, "0.8|100": {"alpha": 0.8, "max_iter": 100, "melhor_solucao": [0, 0, 1, 1, 1, 0, 1, 0, 0, 0, 0, 1, 1, 1, 1, 1, 1, 0, 1, 0], "melhor_pontuacao": 151.0, "tempo": 12.395731687545776}, "1|100": {"alpha": 1, "max_iter": 100, "melhor_solucao": [0, 0, 1, 1, 1, 0, 1, 0, 0, 0, 0, 1, 1, 1, 1, 1, 1, 0, 1, 0], "melhor_pontuacao": 151.0, "tempo": 11.147345781326294}}