{"0.2|1": {"alpha": 0.2, "max_iter": 1, "melhor_solucao": [0, 0, 1, 0, 1, 0, 0, 1, 0, 1, 0, 1, 0, 0, 1, 0, 1, 0, 0, 0], "melhor_pontuacao": 85.0, "tempo": 0.002505779266357422}, "0.6|1": {"alpha": 0.6, "max_iter": 1, "melhor_solucao": [0, 0, 1, 0, 1, 0, 0, 0, 0, 0, 0, 0, 1, 0, 1, 0, 0, 0, 0, 0], "melhor_pontuacao": 62.0, "tempo": 0.005608797073364258}, "0.8|1": {"alpha": 0.8, "max_iter": 1, "melhor_solucao": [1, 0, 1, 0, 1, 0, 0, 1, 0, 1, 0, 1, 0, 0, 1, 0, 1, 0, 0, 0], "melhor_pontuacao": 88.0, "tempo": 0.006752729415893555}, "0.4|1": {"alpha": 0.4, "max_iter": 1, "melhor_solucao": [1, 0, 1, 0, 1, 0, 0, 1, 0, 1, 0, 0, 1, 0, 1, 0, 1, 0, 1, 0], "melhor_pontuacao": 104.0, "tempo": 0.05811500549316406}, "1|1": {"alpha": 1, "max_iter": 1, "melhor_solucao": [1, 0, 1, 0, 1, 0, 0, 1, 0, 1, 0, 0, 1, 0, 1, 0, 1, 0, 1, 0], "melhor_pontuacao": 104.0, "tempo": 0.022765398025512695}, "0.2|10": {"alpha": 0.2, "max_iter": 10, "melhor_solucao": [0, 0, 1, 0, 1, 0, 0, 0, 0, 1, 0, 0, 1, 0, 1, 0, 1, 0, 1, 0], "melhor_pontuacao": 94.0, "tempo": 0.039662837982177734}, "0.6|10": {"alpha": 0.6, "max_iter": 10, "melhor_solucao": [1, 0, 1, 0, 1, 0, 0, 1, 0, 1, 0, 0, 1, 0, 1, 0, 1, 0, 1, 0], "melhor_pontuacao": 104.0, "tempo": 0.10400247573852539}, "0.4|10": {"alpha": 0.4, "max_iter": 10, "melhor_solucao": [1, 0, 1, 0, 1, 0, 0, 1, 0, 1, 0, 0, 1, 0, 1, 0, 1, 0, 1, 0], "melhor_pontuacao": 104.0, "tempo": 0.06464076042175293}, "0.8|10": {"alpha": 0.8, "max_iter": 10, "melhor_solucao": [1, 0, 1, 0, 1, 0, 0, 1, 0, 1, 0, 0, 1, 0, 1, 0, 1, 0, 1, 0], "melhor_pontuacao": 104.0, "tempo": 0.24942469596862793}, "0.2|100": {"alpha": 0.2, "max_iter": 100, "melhor_solucao": [1, 0, 1, 0, 1, 0, 0, 1, 0, 1, 0, 0, 1, 0, 1, 0, 1, 0, 1, 0], "melhor_pontuacao": 104.0, "tempo": 0.3924524784088135}, "0.6|50": {"alpha": 0.6, "max_iter": 50, "melhor_solucao": [1, 0, 1, 0, 1, 0, 0, 1, 0, 1, 0, 0, 1, 0, 1, 0, 1, 0, 1, 0], "melhor_pontuacao": 104.0, "tempo": 0.7272632122039795}, "0.4|50": {"alpha": 0.4, "max_iter": 50, "melhor_solucao": [1, 0, 1, 0, 1, 0, 0, 1, 0, 1, 0, 0, 1, 0, 1, 0, 1, 0, 1, 0], "melhor_pontuacao": 104.0, "tempo": 1.2217741012573242}, "0.2|50": {"alpha": 0.2, "max_iter": 50, "melhor_solucao": [1, 0, 1, 0, 1, 0, 0, 1, 0, 1, 0, 0, 1, 0, 1, 0, 1, 0, 1, 0], "melhor_pontuacao": 104.0, "tempo": 0.8728451728820801}, "0.6|100": {"alpha": 0.6, "max_iter": 100, "melhor_solucao": [1, 0, 1, 0, 1, 0, 0, 1, 0, 1, 0, 0, 1, 0, 1, 0, 1, 0, 1, 0], "melhor_pontuacao": 104.0, "tempo": 2.566977024078369}, "1|10": {"alpha": 1, "max_iter": 10, "melhor_solucao": [1, 0, 1, 0, 1, 0, 0, 1, 0, 1, 0, 0, 1, 0, 1, 0, 1, 0, 1, 0], "melhor_pontuacao": 104.0, "tempo": 2.4999802112579346}, "0.8|50": {"alpha": 0.8, "max_iter": 50, "melhor_solucao": [1, 0, 1, 0, 1, 0, 0, 1, 0, 1, 0, 0, 1, 0, 1, 0, 1, 0, 1, 0], "melhor_pontuacao": 104.0, "tempo": 1.075939655303955}, "1|50": {"alpha": 1, "max_iter": 50, "melhor_solucao": [1, 0, 1, 0, 1, 0, 0, 1, 0, 1, 0, 0, 1, 0, 1, 0, 1, 0, 1, 0], "melhor_pontuacao": 104.0, "tempo": 4.3876824378967285}, "0.8|100": {"alpha": 0.8, "max_iter": 100, "melhor_solucao": [1, 0, 1, 0, 1, 0, 0, 1, 0, 1, 0, 0, 1, 0, 1, 0, 1, 0, 1, 0], "melhor_pontuacao": 104.0, "tempo": 3.719679594039917}, "1|100": {"alpha": 1, "max_iter": 100, "melhor_solucao": [1, 0, 1, 0, 1, 0, 0, 1, 0, 1, 0, 0, 1, 0, 1, 0, 1, 0, 1, 0], "melhor_pontuacao": 104.0, "tempo": 3.8284358978271484}, "0.4|100": {"alpha": 0.4, "max_iter": 100, "melhor_solucao": [1, 0, 1, 0, 1, 0, 0, 1, 0, 1, 0, 0, 1, 0, 1, 0, 1, 0, 1, 0], "melhor_pontuacao": 104.0, "tempo": 3.60737681388855}}